address,balance_wei,balance_human
0x01000B5fE61411C466b70631d7fF070187179Bbf,4295797775900000000000000000,4295797775.900001
0xB9E8e1963D1FFb4131208cc34d3AE6e11F787101,2042255271406791431249985687,2042255271.4067914
0x222E674FB1a7910cCF228f8aECF760508426b482,274182501794354281439617222,274182501.79435426
0xbF903eCde463c4697a060963f8e9410A6769d6eA,156000000000000000000000000,156000000.0
0x8Db20e806CE529e59F093B3858618ED403984aC2,140000000000000000000000000,140000000.0
0x6D0D19bddDC5ED1dD501430c9621DD37ebd9062d,133577348005012451981344000,133577348.00501245
0x84724C8c9C98dD3b92B599AFA27EfEd043FC6a6D,109910000000000000000000000,109910000.0
0x6a4D7081a3Adeedb6e49118e48a9F3839c0a92a1,104271299000000000000000000,104271299.0
0xdf7cbe9C5c67d4629b1Aeb824C8eA8E248B6456D,95000000000000000000000000,95000000.0
0x169c6215EC65B070C361cC1F03c677eEEC0bBFb3,80000000000000000000000000,80000000.0
0xD68c280c6DcA4053b0097315Fb933c85449855E7,66038871639125328000000000,66038871.639125325
0xeE4C11133822b436294Ee37B58096E32dD73511c,65612409622314073064315777,65612409.62231407
0x5d046aFF1e021F04486dc99f7Af843676160AFEa,48990000000000000000000000,48990000.00000001
0xb914c436e5536C99c9F4D76a45dd20E78Bd6d165,30753000000000000000000000,30753000.0
0xB7034b006e1B74d9d0A0Df3596dE81F898f0B60D,20000000000000000000000000,20000000.0
0xc8ceCf982Cf721c5bbf3892BA537852382fC7CA4,17701929130000000000000000,17701929.13
0x9dd274Bd790A6838Bab8912e63d76A67Ac36559C,13229800000000000000000000,13229800.0
0x22CC133E860812Ff204a9fD2ac9D27A98E1211dF,12500000000000000000000000,12500000.0
0x03de121fD8Da86058c9799176a06eEeEC05E8c35,11000000000000000000000000,11000000.0
0xF607d83C14BF613B41857Ed8C6eCc4F152b2563B,10319110850000000000000000,10319110.85
0x7a36c6c5F55D6136aD36850A424Dc4a22567A45c,10029194838650000000000000,10029194.83865
0x80B3f119aBb467C165d67270cCa896eCC1CBd376,10000000000000000000000000,10000000.0
0x47d8A6F4b45bdf0a60d972e48293312cd31CA091,8833988962251760000000000,8833988.96225176
0x903fa50AC9A6eDD676e02bC7774F0B533b500d00,8000000259491129300000000,8000000.25949113
0x6bF4E92B150D8c2bFd8EF7ef716241732d2e248f,7000000000000000000000000,7000000.0
0x1525383d5BC737C65Fe06350052328A2A92d0326,6985293800039600000000000,6985293.800039601
0xcb950556E2E9C0655db60d705A79F7afb69e0F2F,6961128360874672000000000,6961128.3608746715
0xF6fe55200d09876A2293572A40823d2bEFada857,6708584660000000000000000,6708584.66
0x619215d9547A7738873bcC7c4bB33A76946eb23d,6000000000000000000000000,6000000.0
0x520962AFcA6A6e49486b501e2DB169A4Aa9ba3c6,5701005530000000000000000,5701005.53
0x6264011f771aa030D46A42BbF5dD046DD03271f0,5492353161000000000000000,5492353.161
0x8Cce33729Fc24AaDf083323BFa9F6bFD8ad646e3,5389739342509007800000000,5389739.342509008
0xfE464E6841A691f67bAA6A70ac31753913AF138e,5273777526336910500000000,5273777.52633691
0x9Ab395B049105B5ac305d961B3A059e12273b3dc,4674222942070000000000000,4674222.94207
0x9f1c4D0Ea7Da5aE4704fB7DF1E54bc9a03676dA7,4460800000000000000000000,4460800.0
0xb01cC205105c546253c6ABE0C63a47243566238a,4274380460266258205917797,4274380.460266258
0x00932bF638eFa558C58bA89535bB4B87AacF47aD,3835289134471481237865626,3835289.134471481
0xbe7BDB52B71ECcfb25ff0EC905E346D7d293EF26,3548750000000000000000000,3548750.0
0xB59439001AdB7D8AB345BDeb92Ba9a084332E849,3531750000000000000000000,3531749.9999999995
0x864bB63102e7A488E753A7871aceD54ce1Fc6Dfb,3158300240000000000000000,3158300.2399999998
0xAd2d7C33a84e63A32852C3C6F68CD64ee5B67d2f,3145000000000000000000000,3145000.0
0x91084B534eCf16391Fb9eB76aB59943D60B24b8D,3072433104000000000000000,3072433.1040000003
0x18d4e2Ec4150B4B424eC1C8176e9C1E1aD3d5646,3050000000000000000000000,3050000.0
0xA91646b8e2bc5496a443E571518E275B1F364C80,2940743580000000000000000,2940743.58
0xd1Dc390C5CA15641Ac0067A403205EE9d360AbAD,2801167201291354000000000,2801167.201291354
0xc4F77CeC76B2445a5C7F84A8A80681ff182e00d0,2667125000000000000000000,2667125.0
0x44a4c7F4c29eCF15efF27690dD1C55B359576040,2641700817246403000000000,2641700.8172464026
0x1f68C7b973FC4Db362d5CDb213faf1AB133e2d0F,2586259759000000000000000,2586259.759
0x786197Dddb03921753d49Bd9fB025Db29000eDAD,2572173767108597832393737,2572173.767108598
0xF2D5a8dbD90567471951a2005487EF082AC56401,2500250159313489183841178,2500250.159313489
0xd4239fE3875ceD66F19D67eeAbeD1f34Ad7c77DB,2500000000000000000000000,2500000.0
0x0C006c3531e2c534f07339090eFda2BBd1722942,2449823266283800000000000,2449823.2662838
0xCa710fe3bD0F01b1441C313fC78B2E476FB26665,2448476393048948000000000,2448476.393048948
0x8A67Fc0c3Fc41c21573A8AF56F438815821878ef,2308019451563205200000000,2308019.451563205
0xAEB3a1DbCc190Ab138F39DD1A29c6Ce3A3FD7F5d,2270480095857707905665436,2270480.095857708
0x402Ee321D7959dC1591451e6482E8614Dcc3422c,2228319000000000000000000,2228319.0
0xA72459bcc71a7069eAcA3F9D25A40572b79C1B0e,2185578115722127500000000,2185578.1157221273
0xb98C4926eDce544dfc7303F857ebEF89Aa27Ee45,2139325548200000000000000,2139325.5482
0x935132f277e22723dd20615Af62013c388B5AE0f,2122562097668727100000000,2122562.0976687274
0x96924D247005b9F7822CA7f8ED2e4C7F164BD808,2014385733377910400000000,2014385.7333779102
0xdDF0555aA57b2Acf8851Cd21905CceD873D3F186,2009126000000000000000000,2009126.0000000002
0x2D417878F7cB192f61Af3a48BeD661C3Aa468E61,2000000000000000000000000,2000000.0
0xe45cE93039674C71F200Db101Fc3ab7b7a6179cE,2000000000000000000000000,2000000.0
0x27bEFA4FdD43885B593b8d354C6C3Ed4E9B095Ae,2000000000000000000000000,2000000.0
0x06E6Fe5f3Ce41Ee7F4C808D903fB82fc54dd3662,1952425000000000000000000,1952425.0000000002
0xD9f4Af3E92e2F17AEd8Ef069E120901E8b248FbB,1932739788680000000000000,1932739.78868
0x9Bd2456AbE46d16Aa38117119eE2470F13E9cDf3,1828677740420000000000000,1828677.74042
0xC02fEbe6900E3D390172E2833e3c4fa9122B8f5d,1800000000000000000000000,1800000.0
0x0661aE04f5298b1a701AaBf3D1Bdb5490Bb49f62,1778427913454000000000000,1778427.9134540001
0xdd78feece454bED167e04DA87910308e4137198f,1704221345540000000000000,1704221.34554
0x294B392A7eF68C15A2443c0dfB786DAa3a53826a,1608392490000000000000000,1608392.49
0xe5c7AD1142855C5DCf4E0363EDfB3869C5349f10,1514214000000000000000000,1514214.0
0xb0c4BCcE3A5B626D5A419b2E01F5B9bE5e7A7a19,1505000000000049533440653,1505000.0000000496
0x273E3f4552C8EE60d4f10268Ce51bA289202Af87,1450463668377317000000000,1450463.668377317
0xc5522Ee944AF85e8b2213A84e4C9956f9f818D68,1432250000000000000000000,1432250.0
0x717A837Fe9E3201dAb2fB3644BB70955e7f5E470,1376238000000000000000000,1376238.0
0x137690aAecf8a50eBD9cFC7eAd10A4656c808B8b,1349760328384070000000000,1349760.32838407
0x71771a6cD32Fb3EeF74890AB1a18afE2e1a1B743,1338176202031767284091144,1338176.2020317672
0x53576c5c5c54d76E4B1bF629a6fEE03DF353657a,1310000000000000000000000,1310000.0
0x520736e0E82C966c94B6DbDB577933E3bC195d67,1300008003070000000000000,1300008.0030699999
0x78CE3800067D3797b861581fD525042AB51b919c,1286770971000000000000000,1286770.971
0xE1A90c1afA225389E83b635fA56373bE45518F6e,1250000000000000000000000,1250000.0
0xF8f7ff3D4Bb45ea7FFc5c90ebfE026b343783f60,1172969950000000000000000,1172969.95
0xB9c9ea78Cb519E96813E33563467e180957BBEC7,1165602000000000000000000,1165602.0
0x4e7164b6FCc4e8F5B267B4BdB0DB8f34b9394C0e,1125000000000000000000000,1125000.0
0x825fB79A8CF45799F7916c10eF17a72018226d81,1123264560000000000000000,1123264.56
0xb6ce039c80856A3F553c6C9F22386E09E08335aa,1111000000000000000000000,1111000.0
0xEDD6dd4a45A4C3e4FE3932085b14115cEaA5f601,1111000000000000000000000,1111000.0
0xD0Dfcd797119b3B2478a6633dfd1acC9cC111311,1106725671920000000000000,1106725.6719199999
0x0Ee3Dc2eF83c82573Fd92b86F94a19886863eB14,1101208000000000000000000,1101208.0
0x790D2661704D89120F2999b3FC2dfdCc6d4E8eE9,1093000000000000000000000,1093000.0
0x3d0CDa1A6E42C95a836E33f16d97C774a0e5CCBa,1080416406314100000000000,1080416.4063141
0x20c1B03d3F76ef14dcdC97B0705A64B7c5D056f0,1065834000000000000000000,1065834.0
0xFDA218F63A02c0B55363DEE3ba06cf18af36291f,1065715083000000000000000,1065715.083
0x174F2EFe2c1Dd3e046D90d6927A5f2DE0A8Fd01f,1000025000000000000000000,1000025.0
0x5F36906527d31AB3deF13FF213a2aC2E8879Da14,1000000000000000000000000,1000000.0
0xd798045569667A06bcd439A656122d7d475f49E6,1000000000000000000000000,1000000.0
0x4C95991AbC02a30B92a07Fc1935CD58804537ed8,1000000000000000000000000,1000000.0
0xCF754D9b8E62a1D33Edb4b93C2f2b8e3D12bF238,1000000000000000000000000,1000000.0
0x7656354162ac373A52783896E0DC9D1A1352d94d,1000000000000000000000000,1000000.0
0x8729c279196B7f2E4E8d14ef1ED4C79863DD4fd2,1000000000000000000000000,1000000.0
0x4E5aF6c2358ee364A465dBeE2155DBE1ce9bd09E,983264324660000000000000,983264.32466
0xc01B5d94Ed27FFdeDd5Ecff729A570b0775eCEb3,952684878000000000000000,952684.8779999999
0x825FA20957854148b0e59e4eCd1A1b4Ec8d2c725,938676000000000000000000,938676.0
0x7A7FaD4fCdBE6233a02e29cB26d946Fa6849277D,904262438000000000000000,904262.438
0xfD3Ff7dbE3f4d1BA90F3D96Db51314290f731609,880619323069710000000000,880619.3230697099
0x13400773958C46c9a704Fe39A6176D950F2b2E89,864005711041886653649936,864005.7110418866
0xc431b7E8b5399f3D56E53618287E89ebb4BFCa37,805000000000000000000000,805000.0
0xB7B3a4891c5678f6D295c4FD34a866a0F7113B51,800849925358116000000000,800849.9253581159
0xFBDA98C1B1dd3D09ADEB724e26e15Be32A0a3645,781250000000000000000000,781250.0
0xfb88eFA487756FF944F5Cd08c6eB8A825bf8Cdd3,762222065000000000000000,762222.0650000001
0xd9F6A80421f0a7c3e8f56DCf76c43A468FD0F5A4,749900000000000000000000,749900.0
0x5B48eb93103E18569CA611A850420Efd4C1C0Fd5,749750000000000000000000,749750.0
0xb61aadAB2e6e6720f07Dd5308E1947784454373a,728744895666700000000000,728744.8956667001
0x393F261B5781271978a2E1Fd78714b522D2406e1,678676661393548180000000,678676.6613935481
0xf097cb4511ff2B8677075934718014675ABE03c4,660649800000000000000000,660649.8
0xF42213c56e7414495014737FeaD51B8c9E670D7D,658002215420799920000000,658002.2154207999
0x2EB1a4287459D25B800375d22cb74140D829072b,654626176417192600000000,654626.1764171926
0x6AEe0e39fD74ebae5e375877E45fB55F827626F0,647175000000000000000000,647174.9999999999
0x75dED6b9F7fA0291Ff2A27b4e0Ff7A3c73135097,634875172800000000000000,634875.1728000001
0x7BE19aE61A0F1043De8B4e01AE37Ba4c718e3976,625000000000000000000000,625000.0
0xfe0447A5093bd3664e0133b25E5cbFe14Efe07e3,619041969516231800000000,619041.9695162319
0xBC01fb30217245efe406245e6a0Eb9D4D179c2D8,603496224402430320657527,603496.2244024304
0xBB09115617BE3ea3E7ceDec09aeC972B42163449,599471248822582224478694,599471.2488225822
0x600bf3Bd11f0C704aec9e64f043a7825504fF7Ea,589810292445281841041713,589810.2924452819
0x4a13002D9414FF99b40b0e7Fc61DF2f9B83b7F22,575064367380000000000000,575064.36738
0xA6E29566ddcD24C73978e6EB9a5C875Bc4f11b81,573384322500000000000000,573384.3225
0x58027389081632B4C6668f3f48Fc2c7214FACE60,563428462604891400000000,563428.4626048914
0x0B0Ca76F9dc89002d4b767A7c9Bc5D33334D57ed,560000000000000000000000,560000.0
0xa21Ec06ec9bB094692453A4E04aCB41c04E86e18,558187579659600000000000,558187.5796596
0x695EA5522171A9B97374B792B4f874e4F56b6c4a,555500000000000000000000,555500.0
0xa20763dd4cAaD17652551729eE015733A37EeE75,547723000000000000000000,547723.0
0xD3732399AF436be8701E5DFaBbE30B8Ec8800DFb,530000000000000000000000,530000.0
0x4D350271521D77cd47806fA5e8C28d3b7d8a40BC,527000000000000000000000,527000.0
0x846FEB5a479564da54A731921B0b76A84f3eBCcc,520888002772872000000000,520888.00277287205
0x3e407f4158440F1e5a9E6BA98b0198AEA6d837E3,503525069347109600000000,503525.06934710965
0x15ACDcDA26AF5b918475cC3C7F5eC015F0FF4AC9,500000000000000000000000,500000.0
0xD560366ceE64129825A0a7AaB4CfCb6Dd8A8e7ef,496069330972380000000000,496069.33097238
0xBEC16F48D247d489E658dfED3FcB9B08a5062b2c,494647750000000000000000,494647.75
0x69105Da73d6e2BDc4a5Dc192D41761Bd47210d95,483790600804000000000000,483790.60080400005
0xEC1465EE9ABa2890Cc73928816095f1fB40fc699,475726750000000000000000,475726.75000000006
0x0D739e901Eeb849664c28904f1048c5CB2EEFC91,458551473600000000000000,458551.4736
0x21b5d8d0903D8f39405D9470daa738320bd83A50,444467270256359505278657,444467.27025635954
0xFC40CaD21eE5233Cc2fB08C3B31Eb3077812B373,443780000000000000000000,443780.0
0x0E680004057A9aE5fC0A05759C2E2Cc3E3391111,440000000000000000000000,440000.0
0x9Aa088052594353dc8B35dB409F8a54607F9A63A,436792000000000000000000,436791.99999999994
0xB537867a7b194cC681F48dD64B18986Afd90C65E,433362988689723500000000,433362.98868972354
0xB5D2C456D728f84CFCD3769cA9108b186EB530E1,420274637353886874000000,420274.6373538869
0xAe01bED09C6359b1D04Ca120d629e6740fB647d0,400071351120280000000000,400071.35112028
0x754b1D03616Dc93A4C9da2efbA34aC818cEc1310,399995436106550000000000,399995.43610655004
0xAa979E53401885107690285A6Eb442a3DDfc70A3,374169236107261740000000,374169.23610726174
0x5afC1D802a05f1b6f048D6D0DD324D664d6fEfA7,373750000000000000000000,373750.00000000006
0xcf9714a76f7639978BC2ad7faCD19a1C5c2Fe05F,370007440000000000000000,370007.44
0x59380fCc103b00ccc05B97D31aE993Beb9621A28,364196277424656000000000,364196.277424656
0xeB048A5799172E32D43EeA511014365ae7e795fa,364044230681750000000000,364044.23068175
0x1Fd768EA318E91F3B28C4f044fe5E3f2848c4CAB,349479347448570000000000,349479.34744857
0x06312702273561C103C597157770586B97af762A,336558616616860000000000,336558.61661686
0x7cbDC88208cA8cc4d80E9CeC70426Ac7226D4CD9,335479912010298000000000,335479.912010298
0xac7c0B76b3E662baE421EFb839AE714A54691F0c,312500000000000000000000,312500.0
0x085E323AC894F417f5Fc8c9C57Cd5d7779FF1574,309036823653975600000000,309036.8236539756
0x8775f0C11786FF9f6984Df1Cda2e3aA56EAE299D,290792046976000000000000,290792.046976
0xe478E45D344E27677Fd380E0ED0f108A04Af7eD4,274098961020000000000000,274098.96102
0xA8a8f6B55d9748AD9E354c47C7144BBb2dD5247f,273161410593720000000000,273161.41059372
0x83dFA789Bcd5C98bbe408f4a15d04d62Ad0466E1,260802379178242000000000,260802.379178242
0x33fc4ccAe45d041C2650b38A015F17801D277aBF,253642649407404000000000,253642.64940740398
0x327681ecC9eE01184b6b57c5B59C67AcB80f253B,250000000000000000000000,250000.0
0xFF122A5f9654449d8464DE86Cb89EC15dFdE5451,250000000000000000000000,250000.0
0x4a49F5a50844efdb92A61672E0b7802DC2A02026,247753000000000000000000,247753.0
0x9a98b8dc78994AA7cDc1aE72101Cdda262C9BAFb,240000000000000000000000,240000.0
0x609fB6947CB8903318a4FB800b51233e33FeEE23,239420500000000000000000,239420.5
0x26f9c7EB7df07dE27a09dfd576D7D65A5BC2f0a5,234784820000000000000000,234784.82
0x061736Ec523F019f54203FA386Bc16C8c64Fb183,233310000000000000000000,233310.0
0x41be4005Eb39C9dEc8CaB6e1fa546F15b6bC91dF,227805928482000000000000,227805.92848200002
0x4A27Cb133AD44ba1AdcDB3cd69872B2469882b5f,227325000000000000000000,227325.0
0xdDbc13Fb7B0E807557b818C325Ffa9Fdd5B660d5,222396358695500000000000,222396.3586955
0xfb825828749435a66eB7710c0D743cb32Ae022dD,217734743665104000000000,217734.743665104
0xA3452652bf020e9ecB615ce6DCD73dEFBba84794,214950737000000000000000,214950.737
0xB5B312fF2C4eC945458086c4463877fe24e9972f,211552768982027600000000,211552.7689820276
0xE8b6bf2480c852e5a0D01B26eD1FfcFb01583455,208219582445462500000000,208219.5824454625
0xd32A318E3EA31E8bd8E7A256FCf09561DA943F9A,200919726173949600000000,200919.7261739496
0x799DD40ac13BfF40844454a1Baa97845A82F9140,200100000000000000000000,200100.0
0x7a4FB7E1Eb247cC74aA73Af3905793ee23D79C41,198000000000000000000000,198000.0
0x7B79474d2F8605eF0Cd91CC2b8FEe1b921768894,193741733443136162239650,193741.73344313615
0x1E9d6CBA29e4AA4A9E2587b19d3F0E68DE9b6552,192904215070369000000000,192904.215070369
0x1dd46D4e8a10C6B41dd16fC7382d0b4d9276CB5B,189714286000000000000000,189714.286
0x43534d4E628d466643D9Bd2Fcdd45aC308CDaf4e,189258591592465560000000,189258.59159246556
0x2062c9E206FAcb68621bc2f56880fcd59EFA9797,172297213000000000000000,172297.21300000002
0xdEb7F174e41826656C5DDe3024f2417fc5CC086C,171749052130000000000000,171749.05213
0xFEe85FC741e34d77c802e2BDE8f90b9E1EFc9EF9,162145497629637080000000,162145.49762963707
0x1e2A8137fC96Ce2D2433Af2FC160966C0dD1CB84,161550940000000000000000,161550.94
0xBeBf3CEE5b640Cbe8c3228B9A76E243FAA0a4170,156266400831861600000000,156266.4008318616
0x59E50B2AF185c39ba01d4664C2BF1E6026860b29,153800000000000000000000,153800.0
0x8CfF80B6d192Dd4263AfD0C45603cDc0Ea9d6B8e,152540541000000000000000,152540.541
0x71C97d784B583A2CBcFCD46e574CcF672EfAE0ac,151139165874400000000000,151139.16587440003
0xF00De8c30c12ac1dcBFB5b09eD7BC14808057DE1,151139165874400000000000,151139.16587440003
0xBdC64929b3F96E138073e8E6795f9B2319BFad88,150000000000000000000000,150000.0
0xA152b233a9C471BCEe9b7873133f83353c9f749A,141728468700000000000000,141728.4687
0x02A66D4aFB6625FF56D52A6BDD2eC5EB4abfa32C,140904552580000000000000,140904.55258000002
0xe7E969012557f25bECddB717A3aa2f4789ba9f9a,139234543579116858231461,139234.54357911687
0x8F9Fc3e61F23cEC9d28B847cceBdF7D7dEd1B83E,131434380000000000000000,131434.38
0xcbd36532cAd6E0a58CFD0aabe2774a61fee20E0F,131250000000000000000000,131250.0
0x206092Aa7E079F3eE56C773b5fCa576512128DF1,127609923287000000000000,127609.923287
0xB436c7f821934B1E2eb90F8850F69e53d0E901Bc,126344862000000000000000,126344.86200000001
0x2fd397a625d4B761A1fA091A29F8A211954B76ac,124750000000000000000000,124749.99999999999
0x3acAf5067aa9E7e39f5d862b8e252a2d06b1ef97,114815617290000000000000,114815.61729
0xd746F89d269498685b814CeB1eBd7DC87E8FFb20,113383167882600000000000,113383.1678826
0x903e4B0941E08bdcF0cBDC2359a3aa9D9539B8C2,110833982243325000000000,110833.98224332501
0x1F750d97984346AF6A514460E22Dfeb58Bd14b16,110156357325340000000000,110156.35732534001
0xD33ABB3706947c815edB0bf4463001ED0ee19B0D,106243152400000000000000,106243.1524
0x8e44b4f50210126d44b5a601f551dc5D6AF14e3F,103783528771586400000000,103783.5287715864
0x55b53453fd4D1F4E924fb61584104eccA3D118E3,102000000000000000000000,102000.0
0x3CBf2111fC6872f425EdCc0008F2fd488AE687e9,100406091108234516000000,100406.09110823453
0xf0708F6BC8E1FCE0c88C648372e6989787C385D0,100000574919056583464000,100000.57491905658
0x8B8a23652A4E5838Df2d40A9480f4d1B54a4F6ee,100000000000000000000000,99999.99999999999
0x28b5Ecf2F7F667DB31673824464C3330E034e1DB,100000000000000000000000,99999.99999999999
0xD7efd611EC0382919A77910488873421b4e32295,100000000000000000000000,99999.99999999999
0x32C4Da4F9B4b8d70e0Ed6564699E89a219180A11,100000000000000000000000,99999.99999999999
0x4eA7ea8fAC2667Ca3cBCaB2f284422ACA4Ff7499,100000000000000000000000,99999.99999999999
0x8307f5BdFE930aDAE7d8E22fb0c7d7e5C4e46388,100000000000000000000000,99999.99999999999
0x30e2898752f478e9092565F2b00eE09C3cC8184a,100000000000000000000000,99999.99999999999
0xc81D086Cb40eEC590050da440Ed33D6D6aE9452f,100000000000000000000000,99999.99999999999
0x6bBD9F3f1cD06C651e81C36F3884f30C57A64f6E,100000000000000000000000,99999.99999999999
0x3402B68d914FC72FeA29838b1b180860626B1717,100000000000000000000000,99999.99999999999
0xCD531EfADb2a5Fc230EE1B55a510Faa5E33a2FB8,93679757485200000000000,93679.7574852
0x0f44A9EbE8Df24a0fF1235562c7A1eE661a687A0,92858795175801600000000,92858.7951758016
0x87Fe225e9BC31030a291b06fa5A7C3E336F94091,87509184465842496000000,87509.1844658425
0x6a46808EAbcfe33b17325fe5817644Ed90A379Dd,78522000000000000000000,78522.0
0xCbB0310d63Aa7E4146FCf2560A0b8B154f2ecD90,75658486728000000000000,75658.486728
0x00276215CdACEa1915F57c10518b25158D8A0193,72793752000000000000000,72793.75200000001
0xca666abfdF2D31a3f4eFff8CED7c6504389E51Ba,72662066491920316926986,72662.06649192031
0x2931bB13f324A15463B256ed50aEcADC02a954bC,67283285350861214800000,67283.28535086122
0x87233d610A5Dc3A524915AF8c8C72a545a0E5520,65533821458247222934330,65533.82145824723
0xA7d68F95e27ec5a58C3aE1b258F6E6D66d067569,61845731460522420000000,61845.731460522424
0x4Fd7416C1EB8A1662641f4F9f250484BE260f422,60450000000000000000000,60450.00000000001
0xC514970E7552FC422D9dFc49559bAD6DCc55c6b3,59625000000000000000000,59625.0
0x0cFeaa001505b2f9cBa48ED9eac66379c536c660,58100000000000000000000,58100.0
0x0c828654eCB89d8D12B811616DFD48937E3B2104,56319711910000000000000,56319.71191
0x3A53DA473Cb44BC3409EDA6778781D2a035B2Ea6,51316114549798800000000,51316.1145497988
0xDa477310667D307a8303Eed0E666AAF7e74b7FC4,50184269960000000000000,50184.26996
0x59a0f4778BCD43FEba63B0F6729FE07c9Db58cA1,50000000000000000000000,49999.99999999999
0x4C47CB8AF52AC795839c7a49023A08e942562F74,50000000000000000000000,49999.99999999999
0x91caCF54a2d9B4F13b27596E6097e4d7CA1587c8,50000000000000000000000,49999.99999999999
0xe36FeA5392Ca61192859Ef6De1E6D38Cbb493cAE,50000000000000000000000,49999.99999999999
0x9de7C61A4d206BB07da349E67e32b49d5D3390C4,47771828000000000000000,47771.828
0x097C354aa15681c5332010e98c22C330C6CB469E,36673532280000000000000,36673.53228
0xe6f0Fbbb3fe9C065fE1885D261d59A875383C0fb,36593046996000000000000,36593.046996
0x56f35585858d8F0Bdcc4db183f8D76B97ce0735f,34261714052812646400000,34261.71405281265
0x21856108551dde8d2c97F6e6500A81f6B5EB56dF,34098973095000000000000,34098.973095
0xa3B2da3a150e484950e741d65E8b4B578bE6ACcd,33990117026140000000000,33990.117026140004
0xa4fd84c4b68749dFF6f6836C796e33f10E3Fc91c,33501160215600000000000,33501.1602156
0xe1d6E49dA53819E6190bc02fd2b06e03B88c98e3,33481525672584000000000,33481.525672584
0x62A8A961145A31b48b7a1d39F15db030399D38B9,29398902038000000000000,29398.902038
0xd00161605A8661fA0282c76719Db650965508495,28907688742539948000000,28907.688742539947
0x9EC0DB158372cF1c1c9998e322dc79d2a93b263C,27980834970000000000000,27980.83497
0xB7F698BC50779311f9A7E5b3406fFB6D6af5Ae59,27960050083200000000000,27960.0500832
0x845b0529b681421034Aff7eFc32513759C5DE714,27105555840000000000000,27105.555839999997
0x57FFb07825f23829c9C7a5bE1e294FD199151EFF,25000000000000000000000,24999.999999999996
0xAAEAC84b540aa074325706837500543a0992249A,23975000000000000000000,23975.0
0x62298795A0D23aEbaC73cE03A1a28F4992104025,23000000000000000000000,23000.000000000004
0x8c0D1CF5684C1dEa34FA9FF567E5bb2b6ACDbf4A,20112000000000000000000,20112.0
0xEf8a23E8A008dE643D07839712b2987c6765A17E,20037795934200000000000,20037.7959342
0xfc8f3324B6D71d14BfD625ECdbD18f3bc29A9935,19621597000000000000000,19621.596999999998
0xD75EB6300fbA093a23D8826b8Ba2C0D1580F17DB,18222625000000000000000,18222.625
0x66510072E9A1db78DFFa67bfAEB38B33F4538917,17964048000000000000000,17964.048
0x190E122B1a18BA4f8F7e20c1355a97586E5e7153,17347332000000000000000,17347.332000000002
0x4B315e0a1c127B1909c60BaFBb71594642fd3dc1,16729663394640504000000,16729.6633946405
0xd5733eE01264bD28c3E6a5E7629a055bf3eB4109,16683804879190680000000,16683.80487919068
0x7F4c1adCeB57d142536767C8518B4605A723D4d6,14962686425668882394102,14962.686425668882
0xeAC90f9E999787f6E98756a6cfa57EA23dD1B5c1,14238500000000000000000,14238.5
0x9b4DF9a1dDAF3253F9B2983b157BdC072982731d,10000000000000000000000,10000.0
0x7878732aeb5eb34C0927c871Ab144481cba44820,9480260000000000000000,9480.26
0x19AF495bda761DD8Df5f981617c83bB1995D193a,9161200000000000000000,9161.2
0x32A49Eb95E967C8f54CfeB12bdB4686A6D385df1,7582000000000000000000,7582.000000000001
0x3B244a2C08EdE0008CF745977d3752573F6aeC36,7500000000000000000000,7500.0
0x4c67C534186Ff5e983ACaC75161A7477AD13A36F,5548000000000000000000,5548.0
0x81FE59883645ff020C9E76a731bDE78ecaF3Dd92,5485181642297000000000,5485.181642297
0x7130D754ef42D4A6fB1c85987DD38ccb91A51b31,5029090360727627485352,5029.090360727627
0x20000001011b321c252b4018770cE2F33B0eAAA7,3676459000000000000000,3676.459
0xc9Bea9379A8Fade01240eE583535faC713B71014,2500000000000000000000,2500.0
0xC7d98c4c919E93eD44755718E27b53791E7F3521,1451282000000000000000,1451.282
0xE96e430E864F52Ab1a868C9adcb3Ba24c3781721,1000000000000000000000,1000.0
0xCE86679f3C30dF801050791A6f46E34489F6047a,973655000000000000000,973.6550000000001
0x0314c7fBF0bd957f65925bA49A868EF9029C24f1,787353000000000000000,787.353
0xb447c121d6928D7f8D296db56696194A607fAFd6,500000000000000000000,500.0
0x742de8A03D8AbA5318e2708D9A0d17B460EBad4B,461276939645376000000,461.276939645376
0x708c2a68f2dCe79f6C82C501d1FA29E253F97e3f,400000000000000000000,400.0
0x469A2f6604b456110b486dA4950D032958FDE447,302224000000000000000,302.224
0x638E25137871F5Bd14D0Fc9bDaAF9d807Ea0d138,108000000000000000000,108.0
0x6840fd412F2A13B3e6B337e390b9762624D0B03d,68755000000000000000,68.755
0xeBE894814554c8382EA6a24CcDdf1527407A24f6,63415000000000000000,63.415
0xa3696Ed6d6a9643A75e0bafB05c586666706e533,50000000000000000000,50.0
0xF1602175601606E8ffEe38CE433A4DB4C6cf5d60,33288083104430563370,33.28808310443056
0x3264Fb22a50ecadc6DFd0F0e1938a0eef965C491,30000000000000000000,30.0
0xcb733F2bCDeD33Ac916B1437FdD98E2250f14f00,20663257051176117309,20.663257051176117
0x0DF53438c309ffcf1934e7E4f5Ed4094A2B4A818,19920000000000000000,19.92
0x196d82783F4d293F0bc0d9C1DFBc746736aa8E0E,10000000000000000000,10.0
0x945a766c986c3300aEdF7C5dF8Cbc4Ad81f823A0,9999999999998992499,9.999999999998993
0x1EDBddB7E4A6D3d03d9DC98CF2F100c01Df6069A,7500000000000000000,7.5
0xa4dFcDfc8A7cfe34EE155726be9b91B06F111d00,7000000000000000000,7.0
0x0044e6Bd09Cb05ae79cCaF7DB67C3dEd0f7ED6dA,5247331339432144027,5.247331339432144
0x410f4C5c8Bb8b9b90E85e8CdB7d292Cb6F8b1D59,3984000000000000000,3.984
0xFB9aBc066C18cB9D94291a165d59A44575F107D4,2000000000000000000,2.0
0x883e20746A8C56Efeefc43DFfBbBB342EfCB4405,1458781961209239754,1.4587819612092399
0x18696f23f4059f4e86A8B68A51F7Cfa525Ff390e,1000000000000000000,1.0
0x433Dd3D78427f5CD32a675dbc773bd241a103D2e,1000000000000000000,1.0
0x4f4E8a61647786AFEfcFF927AF0E22C8D7e4cDaB,958544041180000000,0.95854404118
0x50C8762F516d5040E7F7328C6a62acdF9C49c9aa,752668660567855970,0.752668660567856
0x459D4Ce00c9C90a8AC0f3Cc0eaAea87712aeFB2C,123000000000000000,0.123
0x26C0217c503C2906234Ce5cefFb06EfB8BB9AB9c,280000000,2.8e-10
0xFd4cE11db9db9433286734304049526E9336139E,52626403,5.2626403e-11
0xe614ceEb288cA31184468380E815dAD8d49885d1,3,3e-18
